"COUNTY","STATE","POPULATION","UNEMPLOYMENT_RATE","DENSITY"
"accomack","VA",32947,4.8,"73.8"
"ada","ID",444028,3.3,"372.8"
"adair","MO",25359,5.7,"45.1"
"adams","CO",498187,3.6,"378.2"
"adams","IL",66578,4.8,"78.5"
"adams","OH",27907,7.5,"48.9"
"adams","PA",102180,4,"195.5"
"adams","WA",19238,6.8,"9.7"
"addison","VT",36959,3.1,"48"
"aitkin","MN",15583,7,"8.9"
"alachua","FL",263496,4.3,"282.7"
"alamance","NC",159688,4.7,"356.5"
"alameda","CA",1647704,4.2,"2043.6"
"alamosa","CO",16654,4.1,"21.4"
"albany","NY",308846,4,"581.9"
"albemarle","VA",106878,3.5,"137.3"
"alcona","MI",10352,7.4,"16.2"
"alexander","IL",6478,9.2,"35"
"alexander","NC",37428,4.3,"143.1"
"alexandria city","VA",155810,2.9,"9314.3"
"alfalfa","OK",5827,3.4,"6.5"
"alger","MI",9219,8,"10.5"
"allegan","MI",115548,3.7,"135"
"allegany","MD",72130,6.1,"177"
"allegany","NY",47077,6.2,"47.6"
"alleghany","NC",10848,5.6,"47.5"
"alleghany","VA",15595,5.1,"36.5"
"allegheny","PA",1225365,5.2,"1675.6"
"allen","IN",370404,4.3,"540.6"
"allen","OH",103742,5,"264.2"
"alpena","MI",28704,5.7,"51.8"
"alpine","CA",1071,6.5,"1.6"
"amador","CA",37383,5.9,"64.1"
"amelia","VA",12913,4.2,"35.7"
"amherst","VA",31633,4.3,"68.3"
"amite","MS",12458,7.4,"18"
"anderson","SC",196569,4.4,"261.6"
"andrew","MO",17350,3.8,"40"
"andrews","TX",17760,4.8,"9.9"
"androscoggin","ME",107319,3.6,"230.2"
"angelina","TX",87791,6,"108.8"
"anne arundel","MD",568346,3.7,"1295.9"
"anoka","MN",345957,3.8,"782.1"
"antrim","MI",23144,6.8,"49.6"
"apache","AZ",73112,11.3,"6.4"
"appling","GA",18428,6.4,"36"
"appomattox","VA",15475,4.6,"44.9"
"aransas","TX",25721,5.7,"91.9"
"arapahoe","CO",637068,3.1,"716.7"
"archer","TX",8703,4.4,"10"
"arenac","MI",15122,8.1,"43.8"
"arlington","VA",230050,2.6,"7993.5"
"armstrong","PA",66486,7.6,"105.5"
"armstrong","TX",1876,2.8,"2.1"
"ashland","OH",53652,5,"125.6"
"ashtabula","OH",98231,6,"144.6"
"asotin","WA",22306,5.1,"34"
"atascosa","TX",48797,5.3,"36.8"
"athens","OH",66186,6.2,"128.6"
"atkinson","GA",8273,5.2,"24.7"
"atlantic","NJ",270991,7.4,"494.1"
"auglaize","OH",45894,3.7,"114.5"
"augusta","VA",74997,3.6,"76.3"
"autauga","AL",55416,5.3,"91.8"
"avery","NC",17516,5,"72"
"baca","CO",3568,1.7,"1.5"
"bailey","TX",7181,4.4,"8.7"
"baker","FL",27937,4.9,"46.3"
"baker","OR",16059,6.4,"5.3"
"baldwin","AL",208563,5.4,"114.6"
"baldwin","GA",45144,6.8,"177.3"
"baltimore","MD",831026,4.5,"1345.5"
"baltimore city","MD",614664,6.3,"7671.5"
"bandera","TX",21776,4.1,"25.9"
"bannock","ID",84377,3.5,"74.5"
"baraga","MI",8503,7.9,"9.9"
"barber","KS",4688,4.1,"4.3"
"barbour","AL",25965,8.6,"31"
"barnstable","MA",214276,4.7,"548.3"
"barron","WI",45412,4.7,"53.2"
"barry","MI",59702,3.8,"107"
"barry","MO",35732,4.5,"45.7"
"bartholomew","IN",81402,3.4,"188.7"
"barton","MO",11908,5.2,"21"
"bartow","GA",103807,5.1,"217.9"
"bastrop","TX",82733,3.7,"83.5"
"bates","MO",16417,5.3,"20.4"
"bath","VA",4476,3.7,"8.9"
"bay","FL",183974,4.9,"222.6"
"bay","MI",104747,5.2,"243.7"
"beaver","OK",5382,3.2,"3.1"
"beaver","PA",167429,6.3,"392.3"
"becker","MN",33734,4.7,"24.7"
"bedford","PA",48325,5.9,"49.2"
"bedford","VA",77960,4.1,"91.2"
"bee","TX",32750,7.7,"36.2"
"bell","TX",340411,4.4,"295.2"
"belmont","OH",68673,7.4,"132.3"
"beltrami","MN",46106,5.3,"17.7"
"ben hill","GA",17243,8.1,"70.5"
"bennington","VT",36191,3.8,"55"
"bent","CO",5861,3.1,"4.3"
"benton","AR",258291,2.9,"261.2"
"benton","IN",8650,4.2,"21.8"
"benton","MN",39992,4.5,"94.2"
"benton","MS",8264,6.7,"21.5"
"benton","MO",18839,6.1,"27.1"
"benton","OR",89385,3.9,"126.6"
"benton","WA",193686,6.5,"103"
"benzie","MI",17572,6.4,"54.8"
"bergen","NJ",939151,4.2,"3884.5"
"berks","PA",414812,5,"480.4"
"berkshire","MA",126903,4.3,"141.6"
"bernalillo","NM",676953,5.8,"570.8"
"berrien","GA",18993,6.2,"42.7"
"berrien","MI",154010,4.8,"276.2"
"bexar","TX",1928680,3.7,"1383.1"
"bibb","GA",152760,6,"622.8"
"big horn","WY",12005,4.9,"3.7"
"big stone","MN",5050,4.9,"10.6"
"black hawk","IA",132904,4.7,"231.7"
"blair","PA",124650,5.3,"241.7"
"bland","VA",6513,5.2,"19.1"
"blount","AL",57704,5.5,"88.9"
"blue earth","MN",66441,3.2,"85.6"
"bolivar","MS",32737,7.3,"39"
"bollinger","MO",12052,5.1,"20"
"bond","IL",16824,5.1,"46.7"
"bonneville","ID",112232,3.2,"55.9"
"boone","IL",53503,6.3,"193"
"boone","MO",176594,3.2,"237.3"
"borden","TX",633,3.6,"0.7"
"bosque","TX",18097,4.3,"18.5"
"botetourt","VA",33231,3.6,"61.2"
"boulder","CO",322226,2.7,"405.6"
"bowie","TX",93860,4.7,"104.6"
"box elder","UT",53139,3.5,"8.7"
"boyle","KY",30018,4.9,"157.8"
"bradford","FL",26926,4.3,"97"
"bradford","PA",60770,6.6,"54.6"
"branch","MI",43427,4.6,"89.4"
"brantley","GA",18355,6.7,"41.6"
"brazoria","TX",354195,5.2,"230.7"
"brazos","TX",220417,3.4,"332.8"
"brevard","FL",579130,5.2,"535"
"brewster","TX",9200,3.8,"1.5"
"briscoe","TX",1474,4.4,"1.8"
"bristol","MA",558324,4.7,"991.3"
"bristol city","VA",16960,5.1,"1370.6"
"bronx","NY",1455720,7.1,"32903.3"
"brooks","GA",15687,5.2,"32.9"
"broome","NY",195334,5.4,"284.2"
"broward","FL",1909632,4.6,"1444.9"
"brown","IL",6762,3.4,"22.7"
"brown","IN",14912,4,"48.9"
"brown","MN",25331,4.1,"42.4"
"brown","OH",43759,5.7,"91.5"
"brown","TX",38271,4.4,"40.3"
"brown","WI",260401,3.7,"468.2"
"brunswick","VA",16243,6,"30.8"
"bryan","OK",45573,4.4,"46.9"
"buchanan","MO",88938,4.1,"218.6"
"buchanan","VA",22178,10.8,"47.9"
"buckingham","VA",17048,5.3,"29.6"
"bucks","PA",626399,4.6,"1034.7"
"buena vista city","VA",6452,5.1,"992"
"bullitt","KY",79151,4.1,"250.2"
"bulloch","GA",74722,5.7,"104.4"
"bullock","AL",10362,7.2,"17.5"
"buncombe","NC",256088,3.8,"362.9"
"bureau","IL",33359,6.1,"40.2"
"burke","GA",22688,7.6,"28.2"
"burleigh","ND",94487,2.6,"49.8"
"burleson","TX",17760,4.7,"26.1"
"burlington","NJ",449284,4.4,"561.9"
"burnet","TX",46243,3.5,"43"
"butler","AL",19998,7.1,"27"
"butler","KS",67025,4.3,"46.1"
"butler","MO",42739,5.7,"61.6"
"butler","OH",377537,4.4,"788.2"
"butte","CA",226864,6.5,"134.4"
"butts","GA",23817,5.6,"128.3"
"cabarrus","NC",201590,4.5,"492.1"
"cabell","WV",95987,4.7,"342.8"
"cache","UT",122753,3.1,"96.7"
"calaveras","CA",45171,5.6,"44.7"
"caldwell","MO",9062,4.6,"22.1"
"caldwell","NC",81449,5.2,"176.1"
"caldwell","TX",41161,4.3,"69.8"
"caledonia","VT",30333,4.1,"48.1"
"calhoun","AL",114611,6.7,"195.7"
"calhoun","FL",14423,5.7,"25.8"
"calhoun","IL",4894,6.3,"20"
"calhoun","MI",134386,4.6,"192.8"
"calhoun","TX",21965,5.6,"42.2"
"calloway","KY",38437,4.5,"96.6"
"calvert","MD",91251,3.8,"416.3"
"cambria","PA",134732,6.9,"208.7"
"camden","GA",53008,5.7,"82.4"
"camden","MO",44497,5.7,"67.1"
"camden","NJ",510150,5.5,"2321.5"
"camden","NC",10418,5.2,"41.5"
"cameron","PA",4677,7.5,"12.8"
"cameron","TX",422135,7.2,"456"
"camp","TX",12867,6.8,"63.3"
"campbell","VA",54952,4.4,"108.8"
"canadian","OK",136532,4,"128.9"
"canyon","ID",211698,4.4,"321.6"
"cape girardeau","MO",78913,4.3,"130.8"
"cape may","NJ",94430,9.8,"386.9"
"carbon","PA",63594,6,"171.1"
"carbon","UT",20399,5.9,"14.5"
"carlton","MN",35738,5.4,"41.1"
"caroline","MD",32850,4.7,"103.5"
"carroll","GA",116261,6,"221.5"
"carroll","IL",14539,5.7,"34.6"
"carroll","IN",19970,4.2,"54.1"
"carroll","MD",167656,3.5,"373.4"
"carroll","VA",29531,5.1,"63.3"
"carson","TX",6057,3.4,"6.7"
"carson city","NV",54742,6.1,"382.1"
"carteret","NC",68890,5.2,"131.3"
"carver","MN",100262,3.3,"256.9"
"cascade","MT",81755,4,"30.1"
"cass","IL",12676,5.6,"36.3"
"cass","MI",51599,4.6,"106.7"
"cass","MN",28993,6.7,"14.1"
"cass","MO",102845,4.1,"142.8"
"cass","ND",175249,2.3,"84.9"
"cass","TX",30375,7.3,"32.5"
"castro","TX",7669,3.1,"9"
"caswell","NC",22910,5.4,"55.8"
"catawba","NC",156459,4.7,"387.1"
"cattaraugus","NY",77677,5.9,"61.4"
"cayuga","NY",77861,5,"115.7"
"cecil","MD",102603,5.1,"292"
"cedar","MO",14016,5,"29.5"
"centre","PA",161464,4.2,"138.7"
"chaffee","CO",19058,2.7,"17.6"
"chambers","AL",33843,5.5,"57.4"
"chambers","TX",39899,6.1,"58.8"
"champaign","IL",208419,5.1,"201.8"
"champaign","OH",38747,4.5,"93.5"
"charles","MD",157705,4.2,"320.2"
"charles city","VA",7071,4.5,"39.7"
"charleston","SC",396484,3.9,"382.3"
"charlevoix","MI",26174,5.3,"62.3"
"charlotte","FL",178465,5.3,"235.2"
"charlotte","VA",12129,5,"26.5"
"charlottesville city","VA",46912,3.3,"4246.3"
"charlton","GA",12497,5.8,"15.7"
"chatham","GA",289082,5.2,"621.7"
"chattooga","GA",24824,6.2,"83"
"chautauqua","NY",129504,5.8,"127.2"
"chaves","NM",65282,6.8,"10.8"
"cheboygan","MI",25401,9,"36.6"
"chelan","WA",76338,5.9,"24.8"
"chemung","NY",86322,5.7,"218.1"
"chenango","NY",48579,5,"56.5"
"cherokee","AL",25725,5.2,"46.9"
"cherokee","GA",241689,4.2,"508.3"
"cherokee","KS",20246,4.6,"36.8"
"chesapeake city","VA",237940,4.3,"652"
"chester","PA",516312,3.9,"664.7"
"chesterfield","VA",339009,3.8,"747.1"
"cheyenne","CO",1848,2.3,"1"
"chickasaw","MS",17246,6.6,"34.7"
"childress","TX",7052,3.1,"10.1"
"chippewa","MI",37724,7.4,"24.7"
"chippewa","MN",12133,4.5,"21.4"
"chisago","MN",54748,4.4,"129.9"
"chittenden","VT",161531,2.5,"291.7"
"choctaw","AL",12993,8.9,"15.2"
"choctaw","MS",8242,5.7,"20.4"
"christian","IL",33309,6.3,"49.1"
"christian","MO",84401,3.9,"137.6"
"churchill","NV",24198,5.4,"5"
"cibola","NM",27487,8.3,"6"
"citrus","FL",143621,6.8,"242.8"
"clackamas","OR",408062,4.4,"201"
"claiborne","MS",9139,11.4,"19.7"
"clallam","WA",74570,7.9,"41.1"
"clare","MI",30358,7.2,"54.8"
"clarion","PA",38513,6.4,"66.6"
"clark","IL",15938,5.9,"32.6"
"clark","MO",6723,7.3,"14.1"
"clark","NV",2155664,5.8,"247.3"
"clark","OH",134786,5.2,"348"
"clark","WA",467018,6.3,"676.2"
"clarke","AL",24392,11.1,"20.9"
"clarke","MS",15888,6.8,"24.2"
"clatsop","OR",38632,4.8,"44.7"
"clay","AL",13492,6.2,"23.1"
"clay","FL",208311,4.5,"315.8"
"clay","IL",13300,6.8,"29.5"
"clay","KS",8143,4.5,"13.2"
"clay","MN",62875,3.5,"56.4"
"clay","MO",239085,3.9,"558.6"
"clay","TX",10193,4.5,"9.9"
"clayton","GA",279462,6.6,"1832.5"
"clearfield","PA",80596,7.4,"71.3"
"clearwater","MN",8827,9.6,"8.7"
"cleburne","AL",14924,6.1,"26.7"
"clermont","OH",203022,4.4,"436.5"
"cleveland","OK",278655,3.9,"474.7"
"clinch","GA",6829,6.2,"8.5"
"clinton","IL",37729,4.5,"79.7"
"clinton","IN",32457,3.9,"82"
"clinton","MI",77888,3.6,"133.1"
"clinton","MO",20610,4.2,"49.5"
"clinton","NY",81073,5.3,"79.1"
"clinton","OH",41902,5.8,"102.9"
"clinton","PA",39233,7.1,"44.2"
"coal","OK",5651,7.5,"11.5"
"cobb","GA",748150,4.6,"2026.4"
"cochise","AZ",125770,6.1,"21.3"
"cochran","TX",2882,5.6,"4"
"coconino","AZ",140908,5.9,"7.2"
"coffee","AL",51226,6.1,"73.6"
"coffee","TN",54682,4.8,"123.1"
"coffey","KS",8433,6.3,"13.7"
"coke","TX",3264,4.1,"3.6"
"colbert","AL",54216,7,"91.8"
"cole","MO",76631,3.6,"193"
"coleman","TX",8420,5.9,"7"
"coles","IL",52343,5.9,"106"
"colfax","NM",12253,6.1,"3.7"
"collier","FL",365136,4.8,"160.9"
"collin","TX",939585,3.5,"930"
"collingsworth","TX",3016,3.5,"3.3"
"colonial heights city","VA",17772,4.4,"2315.3"
"colorado","TX",21019,4.8,"21.7"
"colquitt","GA",45708,5.3,"83.6"
"columbia","FL",69299,4.8,"84.7"
"columbia","NY",60989,3.7,"99.4"
"columbia","OR",50785,6.2,"75.1"
"columbia","PA",66420,5.6,"139.3"
"columbia","WA",3938,6.8,"4.7"
"columbiana","OH",103685,6.6,"202.7"
"columbus","NC",56505,6.4,"62"
"colusa","CA",21588,15.5,"18.6"
"comal","TX",134788,3.6,"193.9"
"comanche","OK",122136,4.7,"116.1"
"conecuh","AL",12395,8.6,"15.6"
"conejos","CO",8129,4.9,"6.4"
"contra costa","CA",1135127,4.4,"1465.2"
"cook","IL",5203499,6.2,"5495.1"
"cook","MN",5286,4.6,"3.6"
"cooper","MO",17712,4.9,"31.2"
"coos","OR",63761,6.5,"39.5"
"coosa","AL",10581,6.1,"17.7"
"copiah","MS",28482,6.5,"37.9"
"cortland","NY",48070,5.7,"98.9"
"cottle","TX",1402,5.4,"1.7"
"cottonwood","MN",11470,7.3,"18.3"
"covington","AL",37458,7,"36.6"
"covington","MS",19569,5.5,"47.3"
"covington city","VA",5518,5.8,"1090.1"
"coweta","GA",140526,5,"288.8"
"cowlitz","WA",105160,7.5,"89.8"
"craig","VA",5158,4.7,"15.7"
"craighead","AR",105835,3.3,"136.4"
"craven","NC",103445,5.3,"146"
"crawford","IL",19308,6.2,"44.7"
"crawford","KS",39164,5,"66.4"
"crawford","MI",13744,7.4,"25.3"
"crawford","MO",24302,5.3,"33.3"
"crawford","PA",86257,6,"87.7"
"crisp","GA",22721,6.1,"86"
"crockett","TX",3675,7.6,"1.3"
"crook","OR",22570,7,"7"
"crosby","TX",5992,4.4,"6.7"
"crow wing","MN",63940,5.1,"62.6"
"crowley","CO",5694,3.6,"7.4"
"culpeper","VA",50083,3.8,"123.1"
"cumberland","IL",10858,5.2,"31.9"
"cumberland","ME",292041,2.9,"337.2"
"cumberland","NJ",153797,7.5,"324.4"
"cumberland","NC",327127,6.3,"489.7"
"cumberland","PA",248506,4.1,"431.6"
"cumberland","VA",9652,4.6,"33.8"
"curry","NM",50280,5.1,"34.4"
"curry","OR",22713,6.9,"13.7"
"custer","CO",4602,3.2,"5.8"
"custer","OK",29293,4.7,"27.8"
"cuyahoga","OH",1249352,5.4,"2800"
"dade","GA",16257,5.1,"95.6"
"dakota","MN",417486,3.4,"709"
"dale","AL",49226,5.9,"89.6"
"dallam","TX",7056,2.3,"4.5"
"dallas","AL",40008,9.4,"44.8"
"dallas","TX",2574984,4,"2718"
"dane","WI",531273,2.9,"407.7"
"danville city","VA",41898,6,"1002.8"
"darke","OH",51778,4.1,"88.5"
"dauphin","PA",273707,4.8,"510.6"
"davidson","TN",684410,3.6,"1243.3"
"daviess","KY",99674,4.5,"210.9"
"davis","UT",342281,3.1,"1025.8"
"dawson","GA",23604,4.7,"105.9"
"dawson","MT",9327,3.9,"3.8"
"dawson","TX",13111,5.1,"15.4"
"de witt","IL",16226,5.7,"41.7"
"deaf smith","TX",18830,3.1,"12.9"
"decatur","IN",26598,3.6,"69.1"
"defiance","OH",38158,4.8,"94.9"
"dekalb","AL",70900,6.2,"91.5"
"dekalb","GA",740321,5.4,"2585.7"
"dekalb","IL",104528,5.4,"166.6"
"dekalb","MO",12613,4.4,"30.6"
"del norte","CA",27540,7.5,"28.4"
"delaware","IN",115603,5.2,"300.1"
"delaware","NY",45523,5.5,"33.3"
"delaware","OK",41598,5,"56.2"
"delaware","PA",563402,4.9,"3040.5"
"delta","CO",30442,5,"27.1"
"delta","MI",36202,6.3,"31.7"
"delta","TX",5215,4,"20.4"
"dent","MO",15387,5.4,"20.8"
"denton","TX",806180,3.4,"754.3"
"deschutes","OR",181307,4.9,"52.3"
"desoto","FL",35800,5.2,"54.7"
"desoto","MS",175611,4.2,"338.7"
"dewey","OK",4819,4.1,"4.8"
"dewitt","TX",20865,5.6,"22.1"
"dickens","TX",2184,5.1,"2.7"
"dickenson","VA",14968,9.9,"48.1"
"dickinson","MI",25535,5.2,"34.4"
"dimmit","TX",10794,7.2,"7.5"
"dinwiddie","VA",28144,4.8,"55.6"
"dixie","FL",16300,5.5,"23.3"
"dodge","MN",20506,3.8,"45.7"
"dolores","CO",2056,4,"1.9"
"donley","TX",3405,4.3,"4"
"dorchester","MD",32258,6,"60.3"
"dougherty","GA",90017,6.9,"287.7"
"douglas","CO",328632,2.7,"339.7"
"douglas","IL",19630,4.7,"48"
"douglas","KS",119440,3.6,"243.1"
"douglas","MN",37456,3.5,"56.5"
"douglas","NE",554995,3.5,"1574.4"
"douglas","NV",48020,5.6,"66.2"
"douglas","OR",108457,6.4,"21.4"
"douglas","WA",41327,7.1,"21.1"
"dubois","IN",42552,3.1,"98"
"dubuque","IA",97003,3.6,"154"
"duchesne","UT",20337,8.9,"5.7"
"dukes","MA",17246,5,"160.2"
"dunklin","MO",30535,8.2,"59.1"
"dupage","IL",929368,4.8,"2799.8"
"durham","NC",306212,4.5,"935.7"
"dutchess","NY",294473,4.2,"373.9"
"duval","FL",926255,5,"1133.9"
"eagle","CO",53989,2.8,"31"
"early","GA",10339,7,"21.5"
"east carroll parish","LA",7271,11.7,"18.4"
"eastland","TX",18274,5.5,"20.1"
"eaton","MI",109160,4,"187.4"
"eau claire","WI",102965,3.5,"154.8"
"ector","TX",157462,6.4,"152.8"
"eddy","NM",57621,6.6,"12.9"
"edgar","IL",17566,6,"29.8"
"edgecombe","NC",53318,8.6,"111.9"
"edwards","IL",6523,5.8,"30.2"
"edwards","TX",1911,4.9,"0.9"
"effingham","GA",58712,4.9,"109.4"
"effingham","IL",34386,4.7,"71.5"
"el dorado","CA",185625,5.1,"106"
"el paso","CO",688284,3.8,"292.6"
"el paso","TX",837918,4.9,"790.6"
"elbert","CO",25231,2.7,"12.5"
"elk","KS",2547,5.3,"4.5"
"elk","PA",30480,5.6,"38.6"
"elkhart","IN",203781,3.5,"426.5"
"elko","NV",52168,4.5,"2.8"
"ellis","OK",4080,3.9,"3.4"
"ellis","TX",168499,3.8,"159.9"
"elmore","AL",81799,4.9,"128.2"
"emery","UT",10216,6.3,"2.5"
"emmet","MI",33182,6.2,"69.9"
"emporia city","VA",5305,6.5,"859.8"
"erath","TX",41659,4.1,"35"
"erie","NY",921046,4.9,"881.4"
"erie","OH",75107,5.5,"306.4"
"erie","PA",276207,6.6,"351.1"
"escambia","AL",37728,6.7,"40.5"
"escambia","FL",315187,4.9,"453.4"
"esmeralda","NV",790,4.5,"0.2"
"essex","MA",779018,3.8,"1508.8"
"essex","NJ",796914,6,"6211.5"
"essex","NY",38102,5.3,"21.9"
"essex","VT",6176,5.9,"9.5"
"essex","VA",11123,4.8,"43.4"
"etowah","AL",102564,6,"195.2"
"eureka","NV",1917,4.6,"0.5"
"evans","GA",10670,5,"60.2"
"fairfax","VA",1138652,3.2,"2766.8"
"fairfax city","VA",24164,3,"3616.6"
"fairfield","CT",944177,4.8,"1467.2"
"fairfield","OH",152597,4.2,"289.8"
"falls","TX",17273,4.5,"23.3"
"falls church city","VA",14014,2.7,"6169.8"
"fannin","GA",24900,5.3,"61.2"
"fannin","TX",34031,3.8,"38.1"
"faribault","MN",13935,4.4,"20.4"
"faulkner","AR",122227,3.8,"174.8"
"fauquier","VA",69069,3.4,"100.7"
"fayette","GA",111627,4.7,"548.3"
"fayette","IL",21789,6.7,"30.9"
"fayette","KY",318449,3.5,"1042.8"
"fayette","OH",28676,4.4,"71.4"
"fayette","PA",132733,8.2,"172.8"
"fayette","TX",25149,3.7,"25.8"
"ferry","WA",7614,10.8,"3.4"
"fillmore","MN",21003,4.1,"24.2"
"fisher","TX",3854,4.4,"4.4"
"flagler","FL",108310,5.5,"197.1"
"floyd","GA",96560,6,"188.9"
"floyd","IN",76990,4.1,"504.1"
"floyd","TX",5917,5.2,"6.5"
"fluvanna","VA",26271,3.3,"89.8"
"foard","TX",1183,3.9,"1.9"
"fond du lac","WI",102144,3.6,"141.2"
"ford","IL",13575,5.5,"29"
"ford","KS",33971,3.3,"30.8"
"forest","PA",7321,8,"18.1"
"forrest","MS",75979,5.7,"160.7"
"forsyth","GA",221009,4.2,"783.5"
"forsyth","NC",371511,4.9,"859.2"
"fort bend","TX",741237,5,"679.5"
"franklin","AL",31628,6.1,"50"
"franklin","FL",11901,4.3,"21.6"
"franklin","GA",22320,5.3,"84.5"
"franklin","IL",39156,8.1,"96.8"
"franklin","IN",22715,4.3,"60.1"
"franklin","KS",25560,4.3,"45.5"
"franklin","KY",50560,4,"237.2"
"franklin","MA",70382,3.3,"102.1"
"franklin","MO",102838,4.4,"110"
"franklin","NY",50409,5.6,"31.7"
"franklin","NC",64705,5.1,"123.3"
"franklin","OH",1264518,4,"2186.1"
"franklin","PA",153851,5.2,"193.7"
"franklin","VT",48915,3.2,"75.3"
"franklin","VA",56069,4.3,"81.3"
"franklin","WA",90160,7.6,"62.9"
"franklin city","VA",8306,5.9,"1045.8"
"franklin parish","LA",20330,9.1,"33.2"
"frederick","MD",247591,3.7,"353.5"
"frederick","VA",84421,3.5,"189.4"
"fredericksburg city","VA",28297,4.7,"2326.2"
"freeborn","MN",30446,3.9,"44.2"
"freestone","TX",19624,6.9,"22.6"
"fresno","CA",979915,9.4,"156.2"
"frio","TX",18956,5,"15.2"
"fulton","GA",1023336,5.4,"1748"
"fulton","IL",35536,7.4,"42.8"
"fulton","IN",20139,4.7,"56.6"
"fulton","NY",53828,5.7,"112.1"
"fulton","OH",42514,4.6,"105.3"
"gadsden","FL",46006,6.3,"89.8"
"galax city","VA",6775,5,"854.7"
"gallatin","IL",5212,7.6,"17.3"
"gallia","OH",30015,6.7,"66.3"
"galveston","TX",329431,5.3,"769.9"
"garfield","CO",58887,3.6,"19.1"
"garfield","OK",62603,4.3,"57.2"
"garfield","UT",4986,8.4,"1"
"garfield","WA",2247,6,"3.2"
"garland","AR",97477,4.3,"141.7"
"garrett","MD",29425,5.5,"46.5"
"garvin","OK",27838,5.4,"34.4"
"gaston","NC",216965,5.3,"578.8"
"geary","KS",35586,5.8,"89.3"
"geauga","OH",94060,4.4,"233.4"
"genesee","MI",408615,5.4,"668.5"
"genesee","NY",58482,4.6,"121.9"
"geneva","AL",26614,5.9,"46.6"
"george","MS",23695,7.4,"47.2"
"georgetown","SC",61399,6.5,"73.9"
"gibson","IN",33703,3.7,"68.7"
"gibson","TN",49401,6,"82.4"
"gila","AZ",53556,7.2,"11.3"
"gilchrist","FL",17212,5.1,"48.4"
"giles","VA",16857,5.3,"48.6"
"gillespie","TX",26521,2.8,"23.5"
"gilmer","WV",8249,8.2,"25.7"
"gilpin","CO",5931,2.4,"36.3"
"glades","FL",13970,6.2,"16"
"gladwin","MI",25122,6.8,"51.2"
"glascock","GA",3006,6.1,"21.4"
"glasscock","TX",1314,3.8,"1.4"
"glenn","CA",28085,8.2,"21.4"
"gloucester","NJ",292330,5.1,"895.3"
"gloucester","VA",37214,3.7,"169.2"
"glynn","GA",84502,5.3,"189.7"
"gogebic","MI",15243,6.5,"14.9"
"goliad","TX",7517,5.8,"8.5"
"gonzales","TX",20876,4.3,"18.6"
"goochland","VA",22668,3.7,"77.2"
"goodhue","MN",46676,3.8,"61"
"gordon","GA",56904,5.7,"155.1"
"grady","GA",24808,5.5,"55"
"grady","OK",54655,5,"47.6"
"graham","AZ",37599,6.7,"8.1"
"grand","CO",15008,2.7,"8"
"grand","UT",9579,5.8,"2.5"
"grand forks","ND",71083,2.4,"46.5"
"grand isle","VT",6919,4,"85.2"
"grand traverse","MI",92084,4.1,"187.3"
"grant","MN",5956,4.7,"11"
"grant","NE",641,2.4,"0.8"
"grant","OK",4465,3.3,"4.5"
"grant","OR",7158,7.8,"1.6"
"grant","WA",93546,7.4,"33.3"
"grant","WI",52214,4.1,"44.7"
"granville","NC",59031,4.3,"112.7"
"gratiot","MI",41202,5,"74.7"
"gray","KS",6034,2.3,"6.9"
"grays harbor","WA",71628,8.7,"38.3"
"grayson","TX",128235,3.8,"129.6"
"green","WI",37075,3.4,"63.1"
"greene","AL",8422,10.1,"14"
"greene","GA",17003,5.8,"41.3"
"greene","IL",13093,5.9,"25.6"
"greene","IN",32211,6.6,"61.1"
"greene","MO",288690,3.8,"407.5"
"greene","NY",47508,5,"76.1"
"greene","NC",21168,5.2,"80.3"
"greene","OH",164765,4.3,"390.5"
"greene","PA",37197,7.8,"67.2"
"greene","VA",19371,3.2,"117.8"
"greenlee","AZ",9613,7.6,"4.6"
"greensville","VA",11706,5.1,"41.5"
"greenville","SC",498766,4.1,"574.7"
"greenwood","SC",70133,5,"153.2"
"greer","OK",5998,7.5,"9.8"
"gregg","TX",123745,6.1,"445.4"
"gregory","SD",4171,2.9,"4.2"
"grimes","TX",27671,6.7,"33.8"
"grundy","IL",50437,6.8,"119.8"
"grundy","MO",10165,4.6,"23.6"
"guadalupe","NM",4376,6.5,"1.5"
"guadalupe","TX",155265,3.6,"184.9"
"guernsey","OH",39063,7,"76.8"
"guilford","NC",521330,5.2,"756.4"
"gulf","FL",15990,4.5,"28.1"
"gunnison","CO",16408,2.3,"4.7"
"gwinnett","GA",907135,4.7,"1871.2"
"hale","AL",14952,7.8,"24.5"
"hale","TX",34263,5.7,"36.1"
"halifax","VA",34992,5.8,"44.3"
"hall","GA",196637,4.5,"457.5"
"hall","NE",61705,3.8,"107.3"
"hall","TX",3138,7.1,"3.8"
"hamilton","FL",14361,5.6,"28.8"
"hamilton","IL",8061,6.3,"19.5"
"hamilton","IN",316373,3.2,"696.4"
"hamilton","KS",2536,2.7,"2.7"
"hamilton","NY",4542,6.5,"2.8"
"hamilton","OH",809099,4.3,"1976.7"
"hamilton","TN",357738,4.7,"620.3"
"hamilton","TX",8304,4.9,"10.2"
"hampden","MA",468467,5,"751"
"hampshire","MA",161816,3.3,"299.8"
"hampton city","VA",135410,5.6,"2673.2"
"hancock","GA",8640,8.4,"20"
"hancock","IL",18508,6.6,"24.1"
"hancock","IN",73717,3.8,"228.8"
"hancock","MS",46791,6.1,"92.7"
"hancock","OH",75872,3.6,"140.7"
"hanover","VA",104392,3.5,"213.1"
"hansford","TX",5538,3.1,"6.1"
"haralson","GA",29042,5.8,"102"
"hardee","FL",27360,6.7,"43.5"
"hardeman","TX",3906,3.9,"6"
"hardin","IL",4024,9.8,"24.3"
"harding","NM",665,7.2,"0.3"
"harford","MD",251032,4.1,"560.1"
"harney","OR",7292,6.3,"0.7"
"harper","KS",5685,3.9,"7.5"
"harris","GA",33652,5,"69"
"harris","TX",4589928,5.3,"2402.4"
"harrison","IN",39826,4.2,"81.2"
"harrison","MS",203234,5.5,"326"
"harrison","MO",8556,4.2,"12.4"
"harrison","OH",15307,7.5,"39.4"
"harrison","TX",66534,6.1,"72.9"
"harrison","WV",68400,5.8,"166.1"
"hart","GA",25553,5.5,"108.5"
"hartford","CT",892389,5.3,"1216.2"
"harvey","KS",34913,4.4,"64.3"
"haskell","OK",12747,8.4,"22.1"
"haskell","TX",5681,4.4,"6.5"
"hawaii","HI",198449,3.8,"45.9"
"hays","TX",204470,3.3,"231.7"
"haywood","NC",60682,4.6,"106.6"
"henderson","IL",6869,6.2,"19.3"
"hendricks","IN",160610,3.5,"357.4"
"hendry","FL",39290,9.1,"34"
"hennepin","MN",1232483,3.4,"2081.7"
"henrico","VA",326501,3.8,"1313.4"
"henry","AL",17164,6.6,"30.8"
"henry","IL",49280,6.1,"61.3"
"henry","IN",48521,4.6,"126.2"
"henry","MO",21594,5,"32"
"henry","OH",27629,5.3,"67.8"
"henry","VA",51445,5.6,"141.6"
"herkimer","NY",62613,5.5,"45.7"
"hernando","FL",182835,6.1,"365.6"
"hertford","NC",24136,6.5,"69.9"
"hickory","MO",9269,5.6,"24.1"
"hidalgo","NM",4302,5.7,"1.4"
"hidalgo","TX",849843,7.8,"493.2"
"highland","OH",43029,6.3,"78.8"
"highland","VA",2216,3.2,"5.6"
"highlands","FL",100917,6.6,"97.2"
"hill","TX",35077,4.5,"36.6"
"hillsborough","FL",1376238,4.5,"1204.9"
"hillsborough","NH",407761,3,"457.4"
"hillsdale","MI",45774,4.9,"78.1"
"hinds","MS",241229,5.4,"282"
"hocking","OH",28340,5.4,"69.7"
"hodgeman","KS",1870,2.9,"2.2"
"holmes","FL",19487,5.4,"41.6"
"holmes","OH",43936,3.5,"100.3"
"holt","MO",4448,3.3,"10.6"
"hood","TX",56857,4.7,"121.7"
"hood river","OR",23232,4.2,"42.8"
"hopewell city","VA",22735,6.5,"2197.9"
"hopkins","TX",36400,4,"45.8"
"horry","SC",322342,5.6,"237.5"
"houghton","MI",36555,5.9,"36.3"
"houston","AL",104056,5.9,"175.1"
"houston","GA",152122,5.4,"372.5"
"houston","MN",18814,4,"34.5"
"houston","TN",8134,7.7,"42.1"
"houston","TX",22754,4.5,"19.3"
"howard","IN",82568,4.7,"282.4"
"howard","MD",317233,3.2,"1144.9"
"howard","MO",10058,4.4,"21.9"
"howell","MO",40210,6.3,"43.6"
"hudson","NJ",677983,4.7,"13731.4"
"hudspeth","TX",4053,6.7,"0.8"
"huerfano","CO",6677,6.4,"4.2"
"hughes","SD",17600,2.2,"23"
"humboldt","CA",136646,4.9,"37.7"
"humboldt","NV",16842,5.4,"1.7"
"hunt","TX",92073,4.3,"102.5"
"hunterdon","NJ",124676,3.8,"300"
"huntingdon","PA",45634,7.1,"52.5"
"huntington","IN",36400,4.1,"97"
"huron","MI",31481,5,"39.6"
"huron","OH",58439,6.5,"121.3"
"hutchinson","TX",21511,5.6,"25"
"hyde","NC",5517,9.4,"9.5"
"imperial","CA",180883,23.5,"41.8"
"indian river","FL",151563,6.2,"274.5"
"indiana","PA",86364,7.3,"107.5"
"ingham","MI",288051,4.1,"505.1"
"inyo","CA",18144,5.2,"1.8"
"ionia","MI",64232,4.1,"111.9"
"iosco","MI",25327,7.1,"47.1"
"iredell","NC",172916,4.8,"277.8"
"iron","MI",11195,6.5,"10.1"
"iron","UT",49937,4.3,"14"
"iroquois","IL",28334,5.5,"26.6"
"isabella","MI",71282,4.5,"122.8"
"isanti","MN",39025,4.7,"86.8"
"island","WA",82636,6,"376.6"
"isle of wight","VA",36596,4.3,"111.8"
"itasca","MN",45242,8.7,"16.9"
"itawamba","MS",23529,5,"43.9"
"jack","TX",8744,4.9,"9.9"
"jackson","AL",52138,6.4,"49.4"
"jackson","CO",1357,2.7,"0.9"
"jackson","FL",48229,5.3,"54.2"
"jackson","GA",64615,4.2,"178.1"
"jackson","IL",58870,5.4,"103.1"
"jackson","IN",44013,3.7,"83.2"
"jackson","MI",158460,4.7,"228.4"
"jackson","MN",9944,4.5,"14.6"
"jackson","MO",691801,5.1,"1115.3"
"jackson","NC",42241,5.4,"82.1"
"jackson","OH",32505,7.8,"79"
"jackson","OR",216527,5.8,"73"
"jackson","TX",14869,4.8,"17"
"james city","VA",74404,3.9,"470.4"
"jasper","GA",13654,4.8,"37.8"
"jasper","IL",9536,6.3,"19.6"
"jasper","MO",119111,4.1,"183.9"
"jasper","TX",35648,7.8,"38"
"jay","IN",21046,4.6,"55.4"
"jeff davis","TX",2200,2.9,"1"
"jefferson","AL",659521,5.9,"592.5"
"jefferson","AR",70016,5.6,"88.9"
"jefferson","CO",571837,3,"699.5"
"jefferson","FL",13906,5.3,"24.7"
"jefferson","GA",15916,7.5,"32.2"
"jefferson","IL",38460,6.5,"68"
"jefferson","IN",32418,4.7,"89.9"
"jefferson","KY",765352,4.4,"1948.1"
"jefferson","MO",224226,4.3,"333.1"
"jefferson","NY",114006,6.2,"91.6"
"jefferson","OH",66704,8.3,"170.7"
"jefferson","OK",6230,7.2,"8.5"
"jefferson","OR",23080,6.7,"12.2"
"jefferson","PA",44073,6.9,"69.3"
"jefferson","TX",254679,7,"287.9"
"jefferson","WA",31139,7.3,"16.6"
"jefferson davis","MS",11385,8.3,"30.6"
"jefferson parish","LA",436523,5.3,"1463.1"
"jersey","IL",22025,5.8,"62.2"
"jim hogg","TX",5146,9.6,"4.7"
"jim wells","TX",41149,10.7,"47.2"
"jo daviess","IL",21770,5.4,"37.7"
"johnson","IL",12902,8.6,"36.6"
"johnson","IN",151982,3.6,"435.8"
"johnson","IA",146547,2.6,"213.1"
"johnson","KS",584451,3.3,"1149.6"
"johnston","OK",11087,5.9,"17"
"jones","GA",28623,4.9,"72.8"
"jones","NC",9845,5.3,"21.6"
"jones","TX",20009,5.9,"21.8"
"josephine","OR",85904,6.6,"50.4"
"juab","UT",11010,3.6,"3"
"juniata","PA",24863,5.4,"63"
"kalamazoo","MI",261654,3.9,"445.7"
"kalkaska","MI",17263,6.9,"30.6"
"kanabec","MN",15830,6.6,"31.1"
"kanawha","WV",186241,5.4,"214.1"
"kandiyohi","MN",42495,3.8,"53"
"kane","IL",531715,5.5,"990.8"
"kane","UT",7334,3.8,"1.8"
"kankakee","IL",110008,6.4,"167.7"
"karnes","TX",15254,4.9,"19.8"
"kay","OK",44943,6.4,"50.6"
"kendall","IL",124695,5.2,"358.2"
"kenedy","TX",404,5.2,"0.3"
"kennebec","ME",120569,3.6,"140.8"
"kenosha","WI",168183,4.8,"611.9"
"kent","DE",174827,4.7,"276.9"
"kent","MD",19730,4.7,"72.9"
"kent","MI",642173,3.4,"711.5"
"kent","RI",164614,4.8,"985.9"
"kent","TX",769,3,"0.9"
"kenton","KY",164945,4.1,"996.7"
"kern","CA",884788,10.3,"103.3"
"kerr","TX",51504,3.6,"45"
"kershaw","SC",64097,5.1,"84.9"
"keweenaw","MI",2199,8.4,"4"
"kimble","TX",4423,3.9,"3.7"
"king","TX",289,4,"0.3"
"king","WA",2149970,3.9,"912.9"
"king and queen","VA",7159,4.2,"22"
"king george","VA",25984,4.2,"131.3"
"king william","VA",16334,3.7,"58.2"
"kingfisher","OK",15638,3.4,"16.7"
"kingman","KS",7467,4.7,"9.1"
"kings","CA",149785,10,"110.1"
"kings","NY",2629150,5.3,"35369.2"
"kinney","TX",3590,6,"2.6"
"kiowa","CO",1373,2.1,"0.8"
"kit carson","CO",8195,2.1,"3.8"
"kitsap","WA",264811,5.8,"635.9"
"kittitas","WA",44866,6,"17.8"
"kittson","MN",4333,4.7,"4.1"
"klamath","OR",66443,6.9,"11.2"
"kleberg","TX",31690,6.9,"36.4"
"klickitat","WA",21301,7.1,"10.9"
"knox","IL",50938,6.1,"73.9"
"knox","ME",39744,3.6,"108.8"
"knox","MO",3934,3.5,"8.2"
"knox","TN",456132,4.1,"850.5"
"knox","TX",3806,4.4,"4.4"
"kodiak island borough","AK",13732,5,"2.1"
"koochiching","MN",12628,8.5,"4.3"
"kootenai","ID",154311,4.8,"111.3"
"la crosse","WI",118122,3.7,"253.8"
"la paz","AZ",20317,6,"4.6"
"lac qui parle","MN",6715,4.3,"9.5"
"lackawanna","PA",211321,5.7,"467.1"
"laclede","MO",35490,5.5,"46.5"
"lafayette","FL",8617,4.1,"16.3"
"lafayette","MO",32618,4.3,"53.1"
"lafayette parish","LA",241398,6.2,"824.6"
"lake","CA",64116,6.6,"51.5"
"lake","FL",335396,4.9,"316.6"
"lake","IL",703047,5.2,"1585.6"
"lake","IN",485846,6.3,"994.1"
"lake","MI",11496,7.3,"20.3"
"lake","MN",10625,6.5,"5.2"
"lake","OH",228614,4.8,"1011.2"
"lake","OR",7837,6.4,"1"
"lake of the woods","MN",3814,4.7,"3.1"
"lamar","MS",60914,4.5,"112"
"lamar","TX",49791,4.6,"54.9"
"lamoille","VT",25333,4.3,"53.3"
"lancaster","NE",309637,2.9,"340.8"
"lancaster","PA",538500,4.2,"550.4"
"lancaster","SC",89594,5.2,"139.6"
"lancaster","VA",10972,5.6,"85.5"
"lander","NV",5702,6.2,"1.1"
"lane","OR",369519,5.1,"77.2"
"lanier","GA",10399,5.7,"54.4"
"lapeer","MI",88340,6.5,"137.4"
"laramie","WY",98136,4.1,"34.2"
"larimer","CO",339993,2.8,"115.4"
"las animas","CO",14103,5.2,"3.2"
"lasalle","IL",110642,6.7,"100.4"
"lassen","CA",30870,6.9,"7.7"
"latimer","OK",10414,8.8,"15.4"
"lauderdale","MS",77755,5.9,"114.1"
"laurens","GA",47516,6.7,"60"
"lavaca","TX",19809,4.3,"19.9"
"lawrence","AL",33244,7,"49.7"
"lawrence","IL",16377,7.5,"45.2"
"lawrence","OH",60872,6.4,"137.7"
"lawrence","PA",87294,6.8,"254.4"
"le sueur","MN",27591,4.9,"61.7"
"lea","NM",69749,9.5,"14.7"
"lebanon","PA",138863,4.5,"369.1"
"lee","AL",158991,5.3,"230.8"
"lee","FL",722336,4.6,"788.7"
"lee","IL",34251,5.1,"49.7"
"lee","MS",85381,4.8,"184.3"
"lee","NC",59616,5.9,"227"
"lee","TX",17055,3.8,"26.4"
"lee","VA",24179,6.8,"58.8"
"leelanau","MI",21765,4.7,"62.5"
"leflore","MS",29856,9.3,"54.5"
"lehigh","PA",363147,5.4,"1012.5"
"lenawee","MI",98504,4.5,"133.3"
"lenoir","NC",57307,5.9,"148.5"
"leon","FL",287822,4.6,"413.1"
"leon","TX",17299,6.6,"15.7"
"levy","FL",39961,5.2,"36.5"
"lewis","MO",10134,4.5,"20.2"
"lewis","NY",26865,6.7,"21.3"
"lewis","WA",77066,8.1,"31.4"
"lewis and clark","MT",67282,3.3,"18.3"
"lexington city","VA",7045,6.3,"2820.3"
"liberty","FL",8202,5.3,"10"
"licking","OH",172198,4.3,"243.9"
"limestone","AL",92753,5.3,"147.8"
"lincoln","GA",7828,5.9,"38"
"lincoln","ME",34216,3.8,"75.6"
"lincoln","MN",5783,3.6,"11"
"lincoln","NV",5055,5.1,"0.5"
"lincoln","OR",47806,5.7,"47"
"lincoln","SD",54469,2,"77.7"
"lincoln","WA",10350,5.7,"4.6"
"linn","IA",221661,3.7,"294.6"
"linn","KS",9558,6.7,"16.3"
"linn","OR",122849,5.8,"50.9"
"lipscomb","TX",3487,4.6,"3.5"
"litchfield","CT",182571,4.6,"206.3"
"live oak","TX",12056,6,"11.1"
"livingston","IL",36526,5.5,"37.3"
"livingston","MI",188624,4.2,"320.2"
"livingston","NY",64257,4.9,"103.5"
"llano","TX",20362,4.1,"20.7"
"logan","IL",29527,5.3,"49"
"logan","KS",2831,2.8,"2.6"
"logan","ND",1941,3.5,"2"
"logan","OH",45165,4.2,"100"
"logan","OK",46588,4.1,"56.3"
"logan","WV",33700,10.1,"81"
"long","GA",18437,5.5,"36.1"
"lorain","OH",306365,5.9,"613.6"
"los angeles","CA",10137915,5.2,"2419.6"
"loudoun","VA",385945,3.2,"605.8"
"louisa","VA",35236,3.8,"66.8"
"love","OK",9997,3.2,"18.3"
"lowndes","GA",114628,5.2,"220.2"
"lubbock","TX",303137,3.4,"311.3"
"lucas","OH",432488,5.1,"1296.2"
"luce","MI",6358,6.5,"7.4"
"lunenburg","VA",12273,4.6,"29.9"
"luzerne","PA",316383,6.4,"360.4"
"lycoming","PA",115248,6.7,"94.5"
"lynchburg city","VA",80212,5.2,"1538.2"
"lynn","TX",5711,4,"6.6"
"lyon","KS",33510,4.2,"39.8"
"lyon","MN",25699,3.6,"36.2"
"lyon","NV",53179,7.4,"26"
"mackinac","MI",10820,9.4,"10.9"
"macomb","MI",867730,5.3,"1754.9"
"macon","AL",18963,7.7,"35.2"
"macon","IL",106550,6.6,"190.8"
"macon","MO",15170,4.8,"19.4"
"macon","NC",34376,5.4,"65.8"
"macoupin","IL",45908,6,"55.4"
"madera","CA",154697,9.2,"70.6"
"madison","AL",356967,5.2,"417.7"
"madison","FL",18224,5.3,"27.6"
"madison","GA",28824,5,"99.6"
"madison","IL",265759,5.9,"376.3"
"madison","IN",129296,5,"291.3"
"madison","NE",35015,2.9,"60.9"
"madison","NY",71329,5.2,"112.2"
"madison","NC",21340,4.9,"46.2"
"madison","TN",97663,5,"176.4"
"madison","TX",13987,5.1,"29.3"
"mahnomen","MN",5465,5.7,"9.7"
"mahoning","OH",230008,6.3,"580.2"
"malheur","OR",30439,5.6,"3.2"
"manassas city","VA",41483,3.6,"3827.8"
"manassas park city","VA",15915,3.5,"5633.1"
"manatee","FL",375888,4.6,"434.5"
"manistee","MI",24373,6.3,"45.6"
"marengo","AL",19673,7.4,"21.5"
"maricopa","AZ",4242997,4.5,"414.9"
"marin","CA",260651,3.2,"485.1"
"marion","AL",29998,6.7,"41.5"
"marion","FL",349020,5.8,"209.1"
"marion","GA",8524,7.4,"23.9"
"marion","IL",38140,6.4,"68.9"
"marion","IN",941229,4.4,"2279.6"
"marion","OH",65096,5,"164.7"
"marion","OR",336316,5.1,"266.7"
"marion","TX",10147,7.1,"27.7"
"mariposa","CA",17410,6.9,"12.6"
"marquette","MI",66435,5.6,"37.1"
"marshall","AL",95157,5.5,"164.4"
"marshall","IL",11939,6.6,"32.7"
"marshall","MN",9324,7.4,"5.3"
"marshall","OK",16191,5.1,"42.7"
"marshall","WV",31793,7.9,"108.4"
"martin","FL",158701,4.9,"269.2"
"martin","MN",19829,4.2,"29.3"
"martin","NC",23172,6.7,"53.1"
"martinsville city","VA",13445,7.1,"1261.5"
"mason","IL",13507,7.1,"27.2"
"mason","MI",28876,5.6,"58"
"mason","WA",62198,7.8,"63.3"
"massac","IL",14658,7,"65"
"mathews","VA",8782,4,"104.5"
"maury","TN",89981,4.1,"132"
"mcdonald","MO",22620,4.3,"42.8"
"mcdonough","IL",30996,6.3,"55.3"
"mcdowell","NC",45075,4.8,"102.1"
"mcduffie","GA",21490,7.2,"85"
"mchenry","IL",307004,5.3,"511.9"
"mckean","PA",41883,6.7,"44.4"
"mckinley","NM",74923,9.5,"13.1"
"mclean","IL",172418,5.1,"143.3"
"mclean","KY",9475,4.8,"37.8"
"mclennan","TX",247934,4,"226.5"
"mcleod","MN",35842,4.5,"74.6"
"mecklenburg","NC",1054835,4.7,"1755.5"
"mecklenburg","VA",30892,5.6,"52.3"
"mecosta","MI",43221,5.4,"77.1"
"medina","OH",177221,4.3,"409"
"medina","TX",49283,4.4,"34.7"
"meeker","MN",23110,4.5,"38.3"
"meigs","OH",23125,8.3,"55.3"
"menard","IL",12516,4.6,"40.4"
"menard","TX",2123,4.6,"2.5"
"mendocino","CA",87628,5.2,"25.1"
"menominee","MI",23281,5.6,"23"
"menominee","WI",4533,7.8,"11.8"
"merced","CA",268672,10.5,"132.2"
"mercer","IL",15730,6.2,"29.3"
"mercer","KY",21477,4.7,"85.7"
"mercer","NJ",371023,4.3,"1632.2"
"mercer","PA",112913,6,"173.4"
"merrimack","NH",148582,2.5,"156.8"
"mesa","CO",150083,5.4,"44.1"
"miami","OH",104679,4.3,"252.1"
"miami-dade","FL",2712945,5.4,"1315.5"
"middlesex","CT",163329,4.4,"448.6"
"middlesex","MA",1589774,3,"1837.9"
"middlesex","NJ",837073,4.4,"2621.6"
"middlesex","VA",10778,3.8,"84.1"
"midland","MI",83462,4.5,"162"
"midland","TX",162565,4.4,"152"
"mifflin","PA",46342,5.8,"113.6"
"milam","TX",24871,5.2,"24.3"
"millard","UT",12694,3.3,"1.9"
"mille lacs","MN",25866,6,"45.6"
"miller","MO",25206,5.2,"41.8"
"milwaukee","WI",951448,5.1,"3926"
"mineral","NV",4449,6.6,"1.3"
"minnehaha","SD",187318,2.4,"210"
"missaukee","MI",15102,5.7,"26.3"
"missoula","MT",116130,3.7,"42.1"
"mitchell","GA",22459,6.6,"45.9"
"mitchell","NC",15126,6.1,"70.4"
"mitchell","TX",8720,7.2,"10.3"
"mobile","AL",414836,6.9,"335.9"
"modoc","CA",8795,7.8,"2.5"
"moffat","CO",13109,4,"2.9"
"mohave","AZ",205249,6.6,"15"
"moniteau","MO",16018,4.3,"37.6"
"monmouth","NJ",625846,4.4,"1344.7"
"mono","CA",13981,5.3,"4.7"
"monroe","AL",21530,9.4,"22.5"
"monroe","FL",79077,3.2,"74.3"
"monroe","GA",27306,5.2,"66.8"
"monroe","IL",34068,4.1,"85.6"
"monroe","IN",145496,4.6,"349.7"
"monroe","MI",149208,4.3,"276.7"
"monroe","NY",747727,4.7,"1132.6"
"monroe","OH",14210,11.1,"32.1"
"monroe","PA",166098,6.3,"279.2"
"montcalm","MI",62974,5,"89.8"
"monterey","CA",435232,7.6,"126.5"
"montezuma","CO",26999,5,"12.6"
"montgomery","AL",226349,5.9,"292.5"
"montgomery","GA",9060,7.6,"38.1"
"montgomery","IN",38074,3.9,"75.6"
"montgomery","MD",1043863,3.3,"1978.2"
"montgomery","MS",10187,6.4,"26.8"
"montgomery","MO",11620,4.6,"22.8"
"montgomery","NY",49276,5.7,"124.6"
"montgomery","OH",531239,4.8,"1159.5"
"montgomery","PA",821725,4.2,"1655.9"
"montgomery","TN",195734,5.2,"319.6"
"montgomery","TX",556203,4.9,"437.5"
"montgomery","VA",98602,4,"243.9"
"montmorency","MI",9173,9.7,"17.9"
"montour","PA",18343,4.3,"140.3"
"montrose","CO",41471,4.2,"18.4"
"moore","NC",95776,5,"126.5"
"moore","TX",22120,3,"24.3"
"mora","NM",4504,8.8,"2.5"
"morgan","AL",119012,5.6,"206.3"
"morgan","GA",18170,5,"51.4"
"morgan","IL",34277,4.9,"62.5"
"morgan","IN",69698,4.2,"170.5"
"morgan","UT",11437,3,"15.5"
"morris","NJ",498423,3.9,"1069.8"
"morris","TX",12593,11,"51.3"
"morrison","MN",32821,5.7,"29.5"
"morrow","OR",11274,5,"5.5"
"motley","TX",1160,3.7,"1.2"
"moultrie","IL",14827,4.6,"44.2"
"mower","MN",39163,3.2,"55.1"
"muhlenberg","KY",31028,7,"67.4"
"multnomah","OR",799766,4.3,"1704.9"
"murray","GA",39315,6.9,"115"
"murray","MN",8329,4.8,"12.4"
"muscogee","GA",197485,6.9,"877.5"
"muskegon","MI",173408,5.2,"344.9"
"nacogdoches","TX",65806,4.7,"68.2"
"napa","CA",142166,4.3,"182.4"
"nash","NC",94005,6.6,"177.3"
"nassau","FL",80622,4.6,"113"
"nassau","NY",1361500,3.9,"4704.8"
"natrona","WY",81039,7.1,"14.1"
"navajo","AZ",110026,8.1,"10.8"
"navarro","TX",48523,4.2,"47.3"
"neosho","KS",16146,7.5,"28.9"
"neshoba","MS",29403,5.8,"52.1"
"nevada","CA",99107,4.7,"103.1"
"new castle","DE",556987,4.3,"1263.2"
"new hanover","NC",223483,4.7,"1058.1"
"new haven","CT",856875,5.5,"1426.7"
"new london","CT",269801,5,"412.2"
"new york","NY",1643734,4.5,"69468.4"
"newaygo","MI",47938,4.7,"59.6"
"newport","RI",82784,4.7,"809.6"
"newport news city","VA",181825,5.1,"2630"
"newton","GA",106999,6,"367.3"
"newton","MO",58694,4.3,"93"
"newton","TX",14003,8.1,"15.5"
"niagara","NY",211758,5.8,"414.4"
"nicollet","MN",33575,2.8,"73"
"noble","IN",47638,4.1,"115.7"
"noble","OH",14294,8.6,"36.8"
"nobles","MN",21848,3.8,"29.9"
"nodaway","MO",22670,4.6,"26.6"
"nolan","TX",14993,4.9,"16.7"
"norfolk","MA",697181,3.2,"1693.6"
"norman","MN",6579,4.9,"7.9"
"northampton","PA",302294,5.2,"805.4"
"northampton","VA",12139,5.7,"58.5"
"northumberland","PA",92541,6.3,"206.2"
"northumberland","VA",12222,5.4,"64.5"
"norton","KS",5493,2.6,"6.5"
"norton city","VA",3864,6.8,"529.1"
"nottoway","VA",15595,3.9,"50.4"
"nueces","TX",361350,5.7,"405.8"
"nye","NV",43423,7.3,"2.4"
"oakland","MI",1243970,4.2,"1385.7"
"ocean","NJ",592497,5.2,"917"
"oceana","MI",26027,7.1,"51.9"
"oconee","GA",36838,4.1,"178"
"ogemaw","MI",20904,7.5,"38.5"
"ogle","IL",51273,5.9,"70.5"
"okaloosa","FL",201170,4,"194.4"
"okanogan","WA",41554,6.9,"7.8"
"okeechobee","FL",40314,5.4,"52"
"oklahoma","OK",782970,4.3,"1013.8"
"okmulgee","OK",39213,7.2,"57.5"
"oktibbeha","MS",49833,5.5,"104"
"oldham","TX",2076,3,"1.4"
"olmsted","MN",153102,3,"220.8"
"oneida","NY",231190,4.8,"193.7"
"onondaga","NY",466194,4.5,"600"
"onslow","NC",187136,5.5,"233.1"
"ontario","NY",109828,4.3,"167.6"
"ontonagon","MI",5911,8.3,"5.2"
"orange","CA",3172532,4,"3807.7"
"orange","FL",1314367,4.4,"1268.5"
"orange","IN",19335,5.1,"49.8"
"orange","NY",379210,4.3,"459.3"
"orange","NC",141796,4.3,"336.2"
"orange","TX",84964,6.8,"245.3"
"orange","VT",28919,3.1,"42.1"
"orange","VA",35533,4,"98.2"
"oregon","MO",10789,6.1,"13.8"
"orleans","NY",41346,5.7,"109.6"
"orleans","VT",26863,5.2,"39.3"
"osage","MO",13664,3.4,"23"
"osceola","FL",336015,5,"202.4"
"osceola","MI",23110,5.5,"41.5"
"oscoda","MI",8264,7.2,"15.3"
"oswego","NY",118987,6.4,"128.3"
"otero","CO",18295,4.8,"14.9"
"otero","NM",65410,6,"9.6"
"otsego","MI",24470,5.7,"46.9"
"otsego","NY",60097,4.9,"62.2"
"ottawa","KS",5920,4,"8.5"
"ottawa","MI",282250,3.2,"468.2"
"ottawa","OH",40636,6.4,"162.5"
"ottawa","OK",31691,5.1,"67.6"
"otter tail","MN",58085,4.4,"29.1"
"ouray","CO",4857,3.8,"8.2"
"outagamie","WI",184526,3.6,"277.2"
"owsley","KY",4491,9.4,"24.1"
"pacific","WA",21249,8.3,"22.4"
"page","VA",23654,5.6,"77.3"
"palm beach","FL",1443810,4.8,"670.2"
"palo pinto","TX",28053,5.6,"29.5"
"panola","TX",23492,7.4,"29.7"
"parker","TX",129441,4.1,"129.4"
"pasco","FL",512368,5.2,"622.2"
"pasquotank","NC",39864,6.3,"179.2"
"passaic","NJ",507945,6.1,"2715.3"
"paulding","GA",155825,4.6,"455.8"
"paulding","OH",18865,4.6,"47.1"
"pawnee","OK",16485,6.7,"29.2"
"payne","OK",81131,3.8,"113"
"pecos","TX",15970,5.9,"3.3"
"pend oreille","WA",13123,9.1,"9.3"
"pender","NC",59090,5.3,"60"
"pennington","MN",14235,5.8,"22.6"
"pennington","SD",109372,2.9,"36.4"
"peoria","IL",185006,6.8,"301.2"
"perquimans","NC",13335,6.4,"54.4"
"perry","AL",9574,10.6,"14.7"
"perry","IL",21357,7.1,"50.6"
"perry","IN",18966,4.6,"50.7"
"perry","MS",12245,7.1,"18.9"
"perry","MO",19285,3.5,"40"
"perry","OH",35927,6.2,"88.4"
"perry","PA",45820,4.7,"83.4"
"pershing","NV",6560,5.9,"1.1"
"person","NC",39284,5.5,"100.6"
"petersburg city","VA",31882,7.6,"1413.8"
"phelps","MO",44608,4.7,"67.2"
"piatt","IL",16560,5,"38.1"
"pickaway","OH",57565,4.7,"111.1"
"pickens","AL",20324,6.9,"22.4"
"pickens","GA",30832,4.9,"126.8"
"pierce","WA",861312,6.3,"476.3"
"pike","AL",33286,6.4,"48.9"
"pike","GA",17941,5.2,"82.7"
"pike","IL",15950,5.1,"19.8"
"pike","MO",18438,4.5,"27.6"
"pike","OH",28160,7.4,"65.2"
"pike","PA",55562,6.4,"105.3"
"pima","AZ",1016206,4.9,"106.7"
"pinal","AZ",418540,5.5,"70"
"pine","MN",28874,5.9,"21.1"
"pinellas","FL",960730,4.4,"3347.5"
"pipestone","MN",9202,3.9,"20.6"
"piscataquis","ME",16843,5.4,"4.4"
"pitkin","CO",17752,3.4,"17.7"
"pitt","NC",177220,5.5,"257.9"
"pittsburg","OK",44173,6.3,"35.1"
"pittsylvania","VA",61687,4.7,"65.5"
"piute","UT",1466,6,"2.1"
"placer","CA",380531,4.4,"247.6"
"platte","MO",98309,3.6,"212.6"
"plumas","CA",18627,9.6,"7.8"
"plymouth","MA",513565,3.9,"750.9"
"pointe coupee parish","LA",22159,6.5,"40.9"
"polk","FL",666149,5.6,"334.9"
"polk","GA",41776,6.1,"133.6"
"polk","IA",474045,3.5,"750.5"
"polk","MN",31660,4.4,"16"
"polk","MO",31285,4.8,"49"
"polk","OR",81823,5.1,"101.8"
"polk","TX",47916,6.3,"43"
"pontotoc","OK",38330,4.1,"52"
"pope","IL",4157,7,"12.1"
"pope","MN",11049,3.6,"16.4"
"poquoson city","VA",12017,3.5,"793.3"
"portage","OH",161921,5,"331.2"
"pottawatomie","KS",23661,3.5,"25.7"
"pottawatomie","OK",72290,4.7,"88.2"
"pottawattamie","IA",93582,3.4,"98"
"potter","PA",16885,7.9,"16.1"
"potter","TX",120832,3.3,"133.3"
"powhatan","VA",28443,3.5,"107.8"
"preble","OH",41247,4.7,"99.7"
"presidio","TX",6958,10.7,"2"
"presque isle","MI",12762,9.2,"20.3"
"prince edward","VA",23142,5.3,"66.8"
"prince george's","MD",908049,4.4,"1788.8"
"prince william","VA",455210,3.6,"1195"
"providence","RI",633673,5.7,"1530.3"
"prowers","CO",11922,3.3,"7.7"
"pueblo","CO",165123,4.9,"66.7"
"pulaski","AR",393250,3.6,"503.8"
"pulaski","GA",11251,5.9,"48.2"
"pulaski","IL",5619,8.8,"30.9"
"pulaski","IN",12660,4.6,"30.9"
"pulaski","MO",52654,5.4,"95.5"
"pulaski","VA",34203,5.8,"109"
"putnam","FL",72277,6.3,"102.2"
"putnam","IL",5611,5.6,"37.5"
"putnam","MO",4853,4.5,"9.6"
"putnam","NY",98900,4,"432.9"
"quay","NM",8365,6.9,"3.1"
"queen anne's","MD",48929,3.8,"128.5"
"queens","NY",2333054,4.5,"20553.6"
"quitman","GA",2335,7.4,"16.6"
"rabun","GA",16559,5.9,"44"
"racine","WI",195140,5.1,"587.7"
"radford city","VA",17483,5.4,"1662.2"
"ralls","MO",10224,4,"21.6"
"ramsey","MN",540649,3.6,"3341.6"
"randall","TX",132501,3,"132.4"
"randolph","AL",22652,5.7,"39.5"
"randolph","GA",7177,8.5,"18"
"randolph","IL",32621,5,"58.2"
"randolph","MO",24989,5.2,"52.7"
"rankin","MS",150228,4,"182.6"
"rapides parish","LA",132424,6.1,"99.9"
"rappahannock","VA",7388,3.5,"27.7"
"ray","MO",22754,4.9,"41.3"
"reagan","TX",3608,6.6,"2.9"
"red lake","MN",4007,7.2,"9.5"
"red river","TX",12207,5.9,"12.4"
"redwood","MN",15263,4.1,"18.3"
"refugio","TX",7321,6.8,"9.6"
"reno","KS",63220,4.6,"51.4"
"rensselaer","NY",160070,4.3,"244.4"
"renville","MN",14660,5.3,"16"
"reynolds","MO",6455,6.5,"8.3"
"rice","KS",9831,4.2,"13.9"
"rice","MN",65622,3.5,"129.4"
"rich","UT",2319,3.2,"2.2"
"richland","IL",15930,6,"45.1"
"richland","OH",121107,5.5,"251.3"
"richland","SC",409549,4.7,"507.9"
"richmond","GA",201647,6.7,"618.4"
"richmond","NY",476015,5.2,"8030.3"
"richmond","NC",44939,7,"98.4"
"richmond","VA",8774,3.7,"48.3"
"richmond city","VA",223170,4.6,"3414.7"
"riley","KS",73343,3.3,"116.6"
"rio arriba","NM",40040,7.5,"6.9"
"rio grande","CO",11479,5.1,"13.1"
"ripley","MO",13817,7,"22.4"
"riverside","CA",2387741,6.1,"303.8"
"roanoke city","VA",99660,4.3,"2279.8"
"robertson","TN",69165,4.2,"139.2"
"robeson","NC",133235,7.9,"141.3"
"rock","MN",9564,2.3,"20.1"
"rock","WI",161620,4.6,"223.3"
"rock island","IL",144784,6.3,"345"
"rockbridge","VA",22392,4.4,"37.3"
"rockingham","NH",303251,3,"425"
"rockingham","VA",79744,3.5,"89.9"
"rockland","NY",326780,4.2,"1795.9"
"rockwall","TX",93978,3.5,"616.7"
"rogers","OK",91766,5.1,"128.6"
"roscommon","MI",23700,8.1,"47.1"
"roseau","MN",15626,5.1,"9.3"
"ross","OH",77000,5.5,"113.3"
"routt","CO",24648,2.7,"10"
"rowan","NC",139933,5.5,"270.7"
"runnels","TX",10448,4.1,"10"
"rush","IN",16649,3.8,"42.6"
"rusk","TX",52732,5.8,"57.7"
"russell","AL",58172,5.6,"82.6"
"russell","KS",6988,4.5,"7.9"
"russell","VA",27370,6.5,"61"
"rutherford","NC",66421,6.7,"120.2"
"rutherford","TN",308251,3.8,"424"
"rutland","VT",59310,3.9,"66.3"
"sabine","TX",10303,9.6,"22"
"sacramento","CA",1514460,5.4,"1470.8"
"saginaw","MI",192326,5.1,"250.2"
"saguache","CO",6389,4.9,"1.9"
"salem","NJ",63436,6.3,"199.1"
"salem city","VA",25549,3.9,"1718"
"saline","AR",118703,3.2,"148"
"saline","IL",24307,8.6,"65.6"
"saline","KS",55142,3.8,"77.2"
"salt lake","UT",1121354,3.2,"1387.1"
"sampson","NC",63124,5.4,"67.1"
"san benito","CA",59414,6.8,"39.8"
"san bernardino","CA",2140096,5.7,"101.5"
"san diego","CA",3317749,4.7,"735.8"
"san joaquin","CA",733709,8.1,"492.6"
"san juan","CO",694,3.8,"1.8"
"san juan","NM",115079,8.9,"23.6"
"san juan","UT",16895,8,"1.9"
"san juan","WA",16339,4.8,"90.7"
"san luis obispo","CA",282887,4.3,"81.7"
"san mateo","CA",764797,3,"1602.2"
"san miguel","CO",8017,3.3,"5.7"
"san patricio","TX",67655,7.6,"93.5"
"sandoval","NM",142025,6.7,"35.5"
"sangamon","IL",197499,4.9,"227.4"
"sanilac","MI",41409,6,"44.8"
"santa barbara","CA",446170,5,"155"
"santa clara","CA",1919402,3.8,"1381"
"santa cruz","AZ",45985,9.9,"38.3"
"santa cruz","CA",274673,6.9,"589.4"
"santa fe","NM",148651,5.4,"75.5"
"santa rosa","FL",170497,4.5,"149.6"
"sarasota","FL",412569,4.6,"682.6"
"saratoga","NY",227053,3.8,"271.1"
"sarpy","NE",179023,3,"664.6"
"saunders","NE",21038,3.2,"27.7"
"sawyer","WI",16369,6.5,"13.2"
"schenectady","NY",154553,4.3,"756.6"
"schleicher","TX",3056,5.7,"2.6"
"schoharie","NY",31317,5.4,"52.7"
"schoolcraft","MI",8001,9.1,"7.2"
"schuyler","IL",6923,5.8,"17.3"
"schuyler","MO",4394,6.3,"14.4"
"schuyler","NY",18099,6,"55.9"
"scioto","OH",76088,7.6,"130.3"
"scotland","MO",4932,4.1,"11.1"
"scotland","NC",35244,9.2,"113.4"
"scott","IL",5053,5.6,"21.3"
"scott","IA",172474,4.6,"360.7"
"scott","MN",143680,3.3,"364.5"
"scott","MS",28207,4.6,"46.4"
"scott","VA",21930,4.8,"43.3"
"scurry","TX",17333,5.9,"18.7"
"sebastian","AR",127793,3.7,"236.4"
"sedgwick","CO",2407,2.4,"4.3"
"sedgwick","KS",511995,4.8,"499.6"
"seminole","FL",455479,4.3,"1367"
"seminole","GA",8468,7.9,"37.1"
"seminole","OK",25207,7.1,"40.3"
"seneca","NY",34777,4.7,"108.9"
"seneca","OH",55353,4.8,"103"
"sevier","UT",21267,4.4,"10.9"
"seward","KS",22709,4.6,"35.9"
"shannon","MO",8168,7.4,"8.4"
"shasta","CA",179631,6.9,"46.9"
"shawnee","KS",178146,4.1,"327.1"
"sheboygan","WI",115427,3.5,"225.9"
"shelby","AL",210622,4.4,"248.5"
"shelby","IL",21717,5.8,"29.5"
"shelby","TN",934603,5.5,"1215.5"
"shenandoah","VA",43175,3.7,"82.5"
"sherburne","MN",93528,4.1,"204.4"
"sheridan","WY",30200,4.6,"11.5"
"sherman","OR",1710,4.6,"2.1"
"sherman","TX",3068,2.9,"3.3"
"shiawassee","MI",68554,5.1,"133.1"
"sibley","MN",14827,4.3,"25.9"
"sierra","CA",2947,7.6,"3.4"
"sierra","NM",11191,8.5,"2.9"
"siskiyou","CA",43603,8.5,"7.2"
"skagit","WA",123681,6.8,"67.5"
"skamania","WA",11510,7.2,"6.7"
"smith","MS",15909,5.3,"25.9"
"smith","TX",225290,4.5,"227.6"
"smyth","VA",31062,5.8,"71.4"
"snohomish","WA",787620,4.4,"341.8"
"snyder","PA",40468,4.7,"120.8"
"socorro","NM",17027,7.5,"2.7"
"solano","CA",440207,5.5,"503"
"somerset","MD",25928,7,"82.8"
"somerset","NJ",333751,4.1,"1071.7"
"somerset","PA",75061,7.3,"72.4"
"somervell","TX",8775,4.7,"45.5"
"sonoma","CA",503070,4,"307.1"
"southampton","VA",18057,3.9,"31"
"spalding","GA",64806,6.8,"326.1"
"spencer","IN",20648,4.1,"52.8"
"spokane","WA",499072,6.3,"267.2"
"spotsylvania","VA",132010,4.1,"304.9"
"st. charles","MO",390918,3.5,"643.2"
"st. clair","IL",262759,6.1,"410.6"
"st. clair","MI",159587,6.2,"226.1"
"st. clair","MO",9272,6.3,"14.6"
"st. francois","MO",66627,5.5,"144.6"
"st. johns","FL",235087,3.7,"316.4"
"st. joseph","IN",269141,4.5,"583"
"st. joseph","MI",60853,4,"122.4"
"st. lawrence","NY",110038,6.6,"41.8"
"st. louis","MN",199980,5.8,"32"
"st. louis","MO",998581,4.2,"1967.2"
"st. louis city","MO",311404,5.4,"5157.5"
"st. lucie","FL",306507,5.7,"485.7"
"st. mary's","MD",112587,4.1,"294.4"
"stafford","VA",144361,3.9,"479.5"
"stanislaus","CA",541560,8.5,"344.2"
"stanly","NC",60791,4.6,"153.3"
"stark","IL",5776,7.2,"20.8"
"stark","OH",373612,5.4,"652.9"
"starke","IN",23009,5.4,"75.6"
"staunton city","VA",24363,3.9,"1188.8"
"ste. genevieve","MO",18030,4.6,"36.4"
"stearns","MN",155652,3.8,"112.2"
"steele","MN",36805,3.6,"85.1"
"stephens","GA",25751,5.9,"146.1"
"stephens","OK",44090,9.7,"51.8"
"stephens","TX",9906,5.3,"10.7"
"stephenson","IL",45624,5.8,"84.5"
"sterling","TX",1367,4.2,"1.2"
"steuben","NY",96940,5.8,"71.2"
"stevens","MN",9693,3,"17.3"
"stevens","WA",44439,8.6,"17.6"
"stewart","GA",5705,6.6,"13.2"
"stoddard","MO",29588,6.4,"36.4"
"stone","MO",31047,7,"69.4"
"storey","NV",4051,6.3,"15.3"
"story","IA",97090,2.4,"156.3"
"strafford","NH",127428,2.5,"333.7"
"suffolk","MA",784230,3.4,"12415.6"
"suffolk","NY",1492583,4.3,"1637.4"
"suffolk city","VA",89273,4.7,"211.4"
"sullivan","IN",20802,5.9,"48"
"sullivan","MO",6262,5.8,"10.4"
"sullivan","NY",74801,4.8,"80.1"
"sullivan","PA",6137,7.2,"14.3"
"sullivan","TN",156667,5.3,"379.4"
"summit","CO",30374,2.1,"46"
"summit","OH",540300,5,"1312.6"
"summit","UT",40307,3.1,"19.4"
"sumner","TN",180063,3.9,"303.4"
"sumter","FL",123996,7,"170.8"
"sumter","GA",30389,7.7,"68"
"sumter","SC",107396,5.7,"161.6"
"susquehanna","PA",40862,5.7,"52.7"
"sussex","NJ",142522,4.7,"287.6"
"sussex","VA",11504,6.1,"24.7"
"sutter","CA",96651,9.6,"157.3"
"sutton","TX",3869,8,"2.8"
"suwannee","FL",43794,4.9,"60.3"
"sweetwater","WY",44165,6,"4.2"
"swift","MN",9419,5.3,"13.2"
"talbot","GA",6171,6.7,"17.5"
"talbot","MD",37278,4.1,"140.7"
"taliaferro","GA",1593,6.5,"8.8"
"tallahatchie","MS",14394,6.8,"23.8"
"tallapoosa","AL",40727,5.6,"58.1"
"taos","NM",33065,8.5,"15"
"tarrant","TX",2016872,3.9,"2094.7"
"taylor","FL",22175,5.5,"21.6"
"taylor","GA",8232,7.2,"23.6"
"taylor","TX",136535,3.7,"143.6"
"tazewell","IL",134385,6.3,"208.6"
"tazewell","VA",42150,7.5,"86.9"
"tehama","CA",63276,7.1,"21.5"
"telfair","GA",15965,8.6,"37.7"
"teller","CO",24043,3.8,"41.9"
"terrell","GA",8967,6.6,"27.8"
"terrell","TX",812,4.1,"0.4"
"terry","TX",12799,4.9,"14.2"
"texas","MO",25775,6.2,"22.1"
"throckmorton","TX",1533,3.7,"1.8"
"thurston","WA",275222,5.8,"349.4"
"tift","GA",40828,5.5,"154.9"
"tioga","NY",48760,5.1,"98.6"
"tioga","PA",41467,7.2,"37"
"tippecanoe","IN",188059,4,"345.7"
"tipton","IN",15182,3.9,"61.2"
"titus","TX",32592,6.2,"79.6"
"todd","MN",24233,4.7,"26.3"
"tolland","CT",151118,4.4,"372.2"
"tom green","TX",118386,4.5,"72.4"
"tompkins","NY",104871,4.1,"214"
"tooele","UT",64833,3.8,"8.4"
"toombs","GA",27196,7.8,"74.8"
"torrance","NM",15302,9.1,"4.9"
"transylvania","NC",33482,4.9,"87.4"
"traverse","MN",3356,3.7,"6.2"
"travis","TX",1199323,3.1,"1034.4"
"trego","KS",2872,4.2,"3.4"
"treutlen","GA",6637,7.8,"34.5"
"trinity","CA",12782,7.1,"4.3"
"trinity","TX",14442,6.3,"21"
"trumbull","OH",201825,6.7,"340.1"
"tulare","CA",460437,11,"91.7"
"tulsa","OK",642940,4.7,"1058.1"
"tuolumne","CA",53804,6.2,"24.9"
"turner","GA",8030,6.6,"31.3"
"tuscaloosa","AL",206102,5.8,"147.3"
"tuscarawas","OH",92420,5.7,"163.1"
"tuscola","MI",53338,6.1,"69.4"
"twiggs","GA",8171,8.7,"25.2"
"twin falls","ID",83514,3.4,"40.2"
"tyler","TX",21320,7.6,"23.5"
"tyrrell","NC",4141,8.4,"11.3"
"ulster","NY",179225,4.4,"162.3"
"umatilla","OR",76456,5.4,"23.6"
"union","FL",15142,4.4,"63.8"
"union","GA",22928,4.7,"66.3"
"union","IL",17212,7.4,"43.1"
"union","IN",7212,4,"46.6"
"union","NJ",555630,5.2,"5216.1"
"union","NM",4183,4.1,"1.2"
"union","NC",226606,4.3,"318.7"
"union","OH",55457,3.8,"121.1"
"union","OR",26087,5.9,"12.6"
"union","PA",45565,4.8,"142.2"
"union","SC",27673,6,"56.3"
"upshur","TX",40969,6.5,"67.4"
"upton","TX",3673,5.4,"2.7"
"utah","UT",592299,3,"257.8"
"val verde","TX",48881,6.3,"15.5"
"valencia","NM",75626,7.2,"71.8"
"van buren","MI",75223,5.5,"125.5"
"van zandt","TX",54355,4.3,"62.4"
"vance","NC",44244,7.2,"179.2"
"vanderburgh","IN",181721,4.1,"769.7"
"venango","PA",52582,7.3,"81.5"
"ventura","CA",849738,5.2,"446.7"
"vermilion","IL",78111,7.2,"90.9"
"vernon","MO",20723,4.8,"25.6"
"victoria","TX",92467,5.4,"98.4"
"vigo","IN",107931,5.4,"267.4"
"vinton","OH",12921,7,"32.6"
"virginia beach city","VA",452602,3.9,"1758.9"
"volusia","FL",529364,5.1,"449.2"
"wabash","IL",11492,6.4,"53.5"
"wabasha","MN",21273,3.7,"41.4"
"wadena","MN",13761,6,"25.8"
"wahkiakum","WA",4139,9,"15.1"
"wake","NC",1046791,4.2,"1078.8"
"wakulla","FL",31893,4.1,"50.8"
"walker","AL",64967,7.6,"84.7"
"walker","GA",67896,5.6,"154"
"walker","TX",71484,5.3,"86.5"
"walla walla","WA",60340,5.6,"46.3"
"waller","TX",50115,5.7,"84.1"
"wallowa","OR",6946,6.7,"2.2"
"walton","FL",65889,4.3,"53"
"walton","GA",90184,4.9,"257.2"
"ward","TX",11600,5.8,"12.8"
"ware","GA",35738,5.5,"40.7"
"warren","GA",5442,7,"20.5"
"warren","IL",17378,5.3,"32.6"
"warren","KY",125532,3.9,"210.1"
"warren","MO",33802,4.2,"75.9"
"warren","NJ",106617,4.6,"304.5"
"warren","NY",64567,5.2,"75.8"
"warren","OH",227063,4.1,"530"
"warren","PA",40025,5.5,"47.3"
"warren","VA",39155,4,"176"
"wasatch","UT",30528,3.3,"20"
"wasco","OR",26115,4.9,"10.6"
"waseca","MN",18911,4.3,"45.2"
"washington","AR",228049,2.7,"215.6"
"washington","CO",4908,2.2,"1.9"
"washington","FL",24569,5.2,"42.7"
"washington","GA",20457,6.4,"31.2"
"washington","IL",14154,3.8,"26.2"
"washington","IN",27670,4.5,"55"
"washington","KS",5546,3.5,"6.5"
"washington","MD",150292,4.9,"322.1"
"washington","MN",253117,3.4,"619.7"
"washington","MS",47231,9,"70.6"
"washington","MO",24839,6.3,"33.2"
"washington","NY",61800,4.6,"76.1"
"washington","NC",12195,7.4,"38"
"washington","OH",60610,6.9,"97.8"
"washington","OR",582779,4.2,"731.4"
"washington","PA",207981,6.2,"242.5"
"washington","TN",127440,4.9,"376.7"
"washington","TX",35056,5.1,"55.8"
"washington","UT",160245,3.7,"56.9"
"washington","VT",58504,3.2,"86.6"
"washington","VA",54214,4.5,"97.8"
"washita","OK",11447,7.2,"11.6"
"washoe","NV",453616,5,"66.9"
"washtenaw","MI",364709,3.4,"488.4"
"watonwan","MN",10908,5,"25.8"
"waukesha","WI",398424,3.6,"709.4"
"waupaca","WI",51533,4.1,"70.1"
"wayne","GA",30104,6.7,"46.9"
"wayne","IL",16396,8.6,"23.5"
"wayne","IN",66568,4.8,"171.5"
"wayne","MI",1749366,6.4,"2974.4"
"wayne","MS",20480,7.3,"25.6"
"wayne","NY",90798,4.9,"155.3"
"wayne","NC",124150,5.8,"221.7"
"wayne","OH",116470,3.9,"206.4"
"wayne","PA",50710,5.9,"72.8"
"wayne","WV",40531,6.5,"84"
"waynesboro city","VA",21887,4.1,"1396.8"
"webb","TX",271193,4.9,"74.5"
"weber","UT",247560,3.8,"401.4"
"webster","GA",2599,8.8,"13.4"
"webster","MS",9767,6.3,"24.4"
"webster","MO",38106,4.9,"61.1"
"weld","CO",294932,3.4,"63.4"
"wells","IN",27949,3.6,"75.1"
"west baton rouge parish","LA",25795,5.3,"123.6"
"westchester","NY",974542,4.2,"2204.7"
"westmoreland","PA",355458,5.9,"355.4"
"westmoreland","VA",17592,4.6,"76.1"
"weston","WY",7236,4.9,"3"
"wexford","MI",33163,5.6,"57.9"
"whatcom","WA",216800,6,"95.5"
"wheeler","GA",7978,9.1,"25.1"
"wheeler","OR",1344,4.3,"0.8"
"white","IL",14292,6.6,"29.6"
"white pine","NV",9682,4.6,"1.1"
"whiteside","IL",56536,5.8,"85.5"
"whitfield","GA",104589,5.9,"353.2"
"whitman","WA",48851,5.1,"20.7"
"wichita","KS",2112,2.5,"3.1"
"wichita","TX",131838,4.4,"209.5"
"wicomico","MD",102577,6,"263.7"
"wilbarger","TX",12892,4.8,"13.9"
"wilcox","AL",10986,14.7,"13.1"
"wilcox","GA",8761,7,"24.5"
"wilkes","GA",9805,6.3,"22.6"
"wilkin","MN",6358,3.3,"8.8"
"wilkinson","GA",9104,6.3,"21.4"
"will","IL",689529,6.1,"809.6"
"willacy","TX",21810,12.4,"37.5"
"williams","OH",37017,4.4,"89.4"
"williamsburg city","VA",15214,5.6,"1559.3"
"williamson","IL",67560,6.2,"157.9"
"williamson","TN",219107,3.5,"314.4"
"williamson","TX",528718,3.3,"378"
"wilson","NC",81661,8.1,"220.6"
"winchester city","VA",27516,3.9,"2838.1"
"windham","CT",116192,5.5,"230.9"
"windham","VT",43145,3.3,"56.7"
"windsor","VT",55496,2.9,"58.5"
"winkler","TX",7893,7.9,"8.5"
"winnebago","IL",285873,6.6,"575.2"
"winnebago","WI",169886,3.7,"384.3"
"winona","MN",50948,3.6,"82.2"
"winston","AL",23805,7.3,"39.9"
"winston","MS",18160,7.1,"31.6"
"wise","TX",64455,4.8,"65.4"
"wood","TX",44227,5.3,"65"
"wood","WI",73107,5,"94.2"
"woodbury","IA",102779,3.6,"117.1"
"woodford","IL",39140,5.4,"73.3"
"woodson","KS",3165,6.2,"6.6"
"worcester","MD",51444,9,"109.9"
"worcester","MA",819589,3.9,"528.6"
"worth","GA",20748,5.9,"38"
"wright","MN",132550,3.9,"188.5"
"wright","MO",18286,5.9,"27.6"
"wyandot","OH",22118,3.7,"55.6"
"wyandotte","KS",163831,5.7,"1039"
"wyoming","NY",40791,5.3,"71.1"
"wyoming","PA",27521,6.2,"71.2"
"wythe","VA",29016,5.7,"63.3"
"yakima","WA",249636,8,"56.6"
"yamhill","OR",105035,4.7,"138.6"
"yancey","NC",17678,5.2,"57"
"yates","NY",24923,4.4,"75"
"yavapai","AZ",225562,4.9,"26"
"yellow medicine","MN",9935,3.9,"13.8"
"yellowstone","MT",158437,3.6,"56.2"
"yolo","CA",215802,5.8,"197.9"
"york","PA",443744,4.7,"481.1"
"york","SC",258526,4.5,"332.2"
"york","VA",67976,3.9,"624.8"
"young","TX",18152,4.4,"20.3"
"yuba","CA",75275,8.5,"114.2"
"yuma","AZ",205631,18.6,"35.5"
"yuma","CO",10103,2.2,"4.2"
"zapata","TX",14349,11,"14"
"zavala","TX",12023,14.1,"9"
